code	disease
A00	霍乱
A01	伤寒和副伤寒
A02	其他沙门菌感染
A03	细菌性痢疾
A04	其他细菌性肠道感染
A05	其他细菌性食物中毒,不可归类在他处者
A06	阿米巴病
A07	其他原虫性肠道疾病
A08	病毒性和其他特指的肠道感染
A09	其他传染性和未特指病因的胃肠炎和结肠炎
A15	呼吸道结核,经细菌学和组织学证实
A16	呼吸道结核,未经细菌学或组织学所证实
A17+	神经系统的结核
A18	其他器官的结核
A19	粟粒性结核
A20	鼠疫
A21	土拉菌病[兔热病]
A22	炭疽
A23	布氏菌病
A24	鼻疽和类鼻疽
A25	鼠咬热
A26	类丹毒
A27	钩端螺旋体病
A28	其他动物源性细菌性疾病,不可归类在他处者
A30	麻风[汉森病]
A31	其他分枝杆菌感染
A32	利斯特菌病
A33	新生儿破伤风
A34	产科破伤风
A35	其他破伤风
A36	白喉
A37	百日咳
A38	猩红热
A39	脑膜炎球菌感染
A40	链球菌性败血症
A41	其他脓毒病
A42	放线菌病
A43	诺卡菌病
A44	巴尔通体病
A46	丹毒
A48	其他细菌性疾病,不可归类在他处者
A49	未特指部位的细菌性感染
A50	先天性梅毒
A51	早期梅毒
A52	晚期梅毒
A53	其他和未特指的梅毒
A54	淋球菌感染
A55	衣原体(性病性)淋巴肉芽肿
A56	其他性传播的衣原体疾病
A57	软下疳
A58	腹股沟肉芽肿
A59	滴虫病[毛滴虫病]
A60	肛门生殖器的疱疹病毒[单纯疱疹]感染
A63	其他主要为性传播的疾病,不可归类在他处者
A64	未特指的性传播疾病
A65	非性病性梅毒
A66	雅司病
A67	品他病
A68	回归热
A69	其他螺旋体感染
A70	鹦鹉热衣原体感染
A71	沙眼
A74	由衣原体引起的其他疾病
A75	斑疹伤寒
A77	斑疹热[蜱媒介的立克次体病]
A78	Q热
A79	其他立克次体病
A80	急性脊髓灰质炎
A81	中枢神经系统的非典型病毒感染
A82	狂犬病
A83	蚊媒介的病毒性脑炎
A84	蜱媒介的病毒性脑炎
A85	其他病毒性脑炎,不可归类在他处者
A86	未特指的病毒性脑炎
A87	病毒性脑膜炎
A88	中枢神经系统的其他病毒性感染,不可归类在他处者
A89	中枢神经系统未特指的病毒性感染
A90	登革热[古典登革热]
A91	登革出血热
A92	其他蚊媒介的病毒性发热
A93	其他节肢动物媒介的病毒性发热,不可归类在他处者
A94	未特指的节肢动物媒介的病毒性发热
A95	黄热病
A96	沙粒病毒性出血热
A98	其他病毒性出血热,不可归类在他处者
A99	未特指的病毒性出血热
B00	疱疹病毒[单纯疱疹]感染
B01	水痘
B02	带状疱疹
B03	天花
B04	猴痘
B05	麻疹
B06	风疹
B07	病毒性疣
B08	其他以皮肤和粘膜损害为特征的病毒性感染,不可归类在他处者
B09	未特指的以皮肤和粘膜损害为特征的病毒性感染
B15	急性甲型肝炎
B16	急性乙型肝炎
B17	其他急性病毒性肝炎
B18	慢性病毒性肝炎
B19	未特指的病毒性肝炎
B20	人类免疫缺陷病毒[HIV]病造成的传染病和寄生虫病
B21	人类免疫缺陷病毒[HIV]病造成的恶性肿瘤
B22	人类免疫缺陷病毒[HIV]病造成的其他特指的疾病
B23	人类免疫缺陷病毒[HIV]病造成的其他情况
B24	未特指的人类免疫缺陷病毒[HIV]病
B25	巨细胞病毒病
B26	流行牲腮腺炎
B27	传染性单核细胞增多症
B30	病毒性结膜炎
B33	其他病毒性疾病,不可归类在他处者
B34	未特指部位的病毒性感染
B35	皮肤癣菌病
B36	其他浅部真菌病
B37	念珠菌病
B38	肺球孢子菌病
B39	组织胞浆菌病
B40	芽生菌病
B41	副球孢子菌病
B42	孢子丝菌病
B43	着色真菌病与棕色真菌病性脓肿
B44	曲霉病
B45	隐球菌病
B46	接合菌病
B47	足菌肿[足分枝菌病]
B48	其他真菌病,不可归类在他处者
B49	未特指的真菌病
B50	恶性疟原虫疟疾
B51	间日疟原虫疟疾
B52	三日疟原虫疟疾
B53	其他经寄生虫学证实的疟疾
B54	未特指的疟疾
B55	利什曼病
B56	非洲锥虫病
B57	查加斯病
B58	弓形虫病[弓形体病]
B59	肺孢子虫病
B60	其他原虫性疾病,不可归类在他处者
B64	未特指的原虫性疾病
B65	血吸虫病[裂体吸虫病]
B66	其他吸虫感染
B67	棘球蚴病
B68	绦虫病
B69	囊虫病[囊尾蚴病]
B70	裂头绦虫病和裂头蚴病
B71	其他绦虫感染
B72	龙线虫病
B73	盘尾丝虫病
B74	丝虫病
B75	旋毛虫病
B76	钩虫病
B77	蛔虫病
B78	类圆线虫病
B79	鞭虫病
B80	蛲虫病
B81	其他肠道蠕虫病,不可归类在他处者
B82	未特指的肠道寄生虫病
B83	其他蠕虫病
B85	虱病和阴虱病
B86	疥疮
B87	蝇蛆病
B88	其他病虫侵染
B89	未特指的寄生虫病
B90	结核病后遗症
B91	脊髓灰质炎的后遗症
B92	麻风的后遗症
B94	其他和未特指的传染病和寄生虫病的后遗症
B95	链球菌和葡萄球菌作为分类于其他章疾病的原因
B96	其他特指细菌性病原体作为分类于其他章疾病的原因
B97	病毒性病原体作为分类于其他章疾病的原因
B98	分类地其他章的作为疾病原因的特指感染病原体
B99	其他和未特指的传染病
C00	唇恶性肿瘤
C01	舌根恶性肿瘤
C02	舌其他和未特指部位的恶性肿瘤
C03	牙龈恶性肿瘤
C04	口底恶性肿瘤
C05	腭恶性肿瘤
C06	口其他和未特指部位的恶性肿瘤
C07	腮腺恶性肿瘤
C08	大涎腺其他和未特指的恶性肿瘤
C09	扁桃体恶性肿瘤
C10	口咽恶性肿瘤
C11	鼻咽恶性肿瘤
C12	梨状窦恶性肿瘤
C13	咽下部恶性肿瘤
C14	唇、口腔和咽其他和部位不明的恶性肿瘤
C15	食管恶性肿瘤
C16	胃恶性肿瘤
C17	小肠恶性肿瘤
C18	结肠恶性肿瘤
C19	直肠乙状结肠连接处恶性肿瘤
C20	直肠恶性肿瘤
C21	肛门和肛管的恶性肿瘤
C22	肝和肝内胆管恶性肿瘤
C23	胆囊恶性肿瘤
C24	胆道其他和未特指部位的恶性肿瘤
C25	胰恶性肿瘤
C26	消化器官其他和不明确的恶性肿瘤
C30	鼻腔和中耳恶性肿瘤
C31	鼻旁窦恶性肿瘤
C32	喉恶性肿瘤
C33	气管恶性肿瘤
C34	支气管和肺恶性肿瘤
C37	胸腺恶性肿瘤
C38	心脏、纵隔和胸膜恶性肿瘤
C39	呼吸系统和胸腔内器官其他和不明确部位的恶性肿瘤
C40	四肢骨和关节软骨恶性肿瘤
C41	骨和关节软骨其他和未特指部位的恶性肿瘤
C43	皮肤恶性黑色素瘤
C44	皮肤其他恶性肿瘤
C45	间皮瘤
C46	卡波西肉瘤
C47	周围神经和自主神经系统恶性肿瘤
C48	腹膜后腔和腹膜恶性肿瘤
C49	其他结缔组织和软组织恶性肿瘤
C50	乳房恶性肿瘤
C51	外阴恶性肿瘤
C52	阴道恶性肿瘤
C53	宫颈恶性肿瘤
C54	子宫体恶性肿瘤
C55	子宫部位未特指的恶性肿瘤
C56	卵巢恶性肿瘤
C57	女性生殖器官其他和未特指的恶性肿瘤
C58	胎盘恶性肿瘤
C60	阴茎恶性肿瘤
C61	前列腺恶性肿瘤
C62	睾丸恶性肿瘤
C63	男性生殖器官其他和未特指的恶性肿瘤
C64	肾(除外肾盂)恶性肿瘤
C65	肾盂恶性肿瘤
C66	输尿管恶性肿瘤
C67	膀胱恶性肿瘤
C68	泌尿器官其他和未特指的恶性肿瘤
C69	眼和附器恶性肿瘤
C70	脑脊膜恶性肿瘤
C71	脑恶性肿瘤
C72	脊髓、脑神经和中枢神经系统其他部位的恶性肿瘤
C73	甲状腺恶性肿瘤
C74	肾上腺恶性肫瘤
C75	其他内分泌腺和有关结构的恶性肿瘤
C76	其他和不明确部位的恶性肿瘤
C77	淋巴结继发性和未特指的恶性肿瘤
C78	呼吸和消化器官的继发性恶性肿瘤
C79	其他和不明确部位的继发性恶性肿瘤
C80	部位未特指的恶性肿瘤
C81	霍奇金[何杰金]淋巴瘤
C82	滤泡性淋巴瘤
C83	非滤泡性淋巴瘤
C84	成熟T/NK细胞淋巴瘤
C85	非霍奇金淋巴瘤的其他和未特指类型
C86	其他特指类型的T/NK细胞淋巴瘤
C88	其他B细胞淋巴瘤[恶性免疫增生性疾病]
C90	多发性骨髓瘤和恶性浆细胞肿瘤
C91	淋巴样白血病
C92	髓样白血病
C93	单核细胞白血病
C94	特指细胞类型的其他白血病
C95	未特指细胞类型的白血病
C96	淋巴、造血和有关组织其他和未特指的恶性肿瘤
C97	独立(原发)多个部位的恶性肿瘤
D00	口腔、食管和胃原位癌
D01	消化器官其他和未特指的原位癌
D02	中耳和呼吸系统原位癌
D03	原位黑色素瘤
D04	皮肤原位癌
D05	乳房原位癌
D06	宫颈原位癌
D07	生殖器官其他和未特指的原位癌
D09	其他和未特指部位的原位癌
D10	口和咽良性肿瘤
D11	大涎腺良性肿瘤
D12	结肠、直肠、肛门和肛管良性肿瘤
D13	消化系统其他和不明确部位的良性肿瘤
D14	中耳和呼吸系统良性肿瘤
D15	胸腔内器官其他和未特指的良性肿瘤
D16	骨和关节软骨良性肿瘤
D17	良性脂肪瘤样肿瘤
D18	血管瘤和淋巴管瘤,任何部位
D19	间皮组织良性肿瘤
D20	腹膜后腔和腹膜软组织良性肿瘤
D21	结缔组织和其他软组织的其他良性肿瘤
D22	黑素细胞痣
D23	皮肤其他良性肿瘤
D24	乳房良性肿瘤
D25	子宫平滑肌瘤
D26	子宫其他良性肿瘤
D27	卵巢良性肿瘤
D28	女性生殖器官其他和未特指的良性肿瘤
D29	男性生殖器官良性肿瘤
D30	泌尿器官良性肿瘤
D31	眼和附器良性肿瘤
D32	脑脊膜良性肿瘤
D33	脑和中枢神经系统其他部位的良性肿瘤
D34	甲状腺良性肿瘤
D35	内分泌腺其他和未特指的良性肿瘤
D36	其他和未特指部位的良性肿瘤
D37	口腔和消化器官动态未定或动态未知的肿瘤
D38	中耳、呼吸和胸腔内器官动态未定或动态未知的肿瘤
D39	女性生殖器官动态未定或动态未知的肿瘤
D40	男性生殖器官动态未定或动态未知的肿瘤
D41	泌尿器官动态未定或动态未知的肿瘤
D42	脑脊膜动态未定或动态未知的肿瘤
D43	脑和中枢神经系统动态未定或动态未知的肿瘤
D44	内分泌腺动态未定或动态未知的肿瘤
D45	真性红细胞增多症
D46	骨髓增生异常综合征
D47	淋巴、造血和有关组织动态未定或动态未知的其他肿瘤
D48	其他和未特指部位的动态未定或动态未知的肿瘤
D50	缺铁性贫血
D51	维生素B12缺乏性贫血
D52	叶酸盐缺乏性贫血
D53	其他营养性贫血
D55	酶代谢紊乱性贫血
D56	地中海贫血
D57	镰状细胞疾患
D58	其他遗传性溶血性贫血
D59	后天性溶血性贫血
D60	后天性纯红细胞再生障碍[幼红细胞减少症]
D61	其他再生障碍性贫血
D62	急性出血后贫血
D63*	分类于他处的慢性疾病引起的贫血
D64	其他贫血
D65	播散性血管内凝血[去纤维蛋白综合征]
D66	遗传性因子Ⅶ缺乏
D67	遗传性因子lX缺乏
D68	其他凝血缺陷
D69	紫癜和其他出血性情况
D70	粒细胞缺乏
D71	多形核中性粒细胞的功能紊乱
D72	其他白细胞疾患
D73	脾疾病
D74	高铁血红蛋白血症
D75	血液和造血器官的其他疾病
D76	与淋巴网状组织和网状组织细胞系统的某些疾病
D77*	分类于他处的疾病引起的血液和造血器官的其他疾患
D80	抗体缺陷为主的免疫缺陷
D81	联合免疫缺陷
D82	与其他严重缺陷有关的免疫缺陷
D83	常见变异型免疫缺陷
D84	其他免疫缺陷
D86	结节病
D89	涉及免疫机制的其他疾患,不可归类在他处者
E00	先天性碘缺乏综合征
E01	碘缺乏相关性甲状腺疾患和有关情况
E02	临床症状不明显[亚临床]的碘缺乏性甲状腺功能减退症
E03	其他甲状腺功能减退症
E04	其他非毒性甲状腺肿
E05	甲状腺毒症[甲状腺功能亢进症]
E06	甲状腺炎
E07	甲状腺的其他疾患
E10	胰岛素依赖型糖尿病
E11	非胰岛素依赖型糖尿病
E12	营养不良相关性糖尿病
E13	其他特指的糖尿病
E14	未特指的糖尿病
E15	非糖尿病低血糖性昏迷
E16	胰腺内分泌的其他疾患
E20	甲状旁腺功能减退症
E21	甲状旁腺功能亢进症和甲状旁腺的其他疾患
E22	垂体功能亢进
E23	垂体功能减退和其他疾患
E24	库欣综合征[皮质醇增多症]
E25	肾上腺性征疾患
E26	醛固酮过多症
E27	其他肾上腺疾患
E28	卵巢功能障碍
E29	睾丸功能障碍
E30	青春期疾患,不可归类在他处者
E31	多腺体功能障碍
E32	胸腺病
E34	其他内分泌疾患
E35*	分类于他处的疾病引起的内分泌腺疾患
E40	夸希奥科病[恶性营养不良病]
E41	营养性消瘦
E42	消瘦性夸希奥科病
E43	未特指的重度蛋白质-能量营养不良
E44	中度和轻度蛋白质-能量营养不良
E45	继后于蛋白质-能量营养不良的发育迟缓
E46	未特指的蛋白质-能量营养不良
E50	维生素A缺乏病
E51	硫胺素缺乏
E52	烟酸缺乏[糙皮病]
E53	其他B族维生素缺乏病
E54	抗坏血酸缺乏
E55	维生素D缺乏病
E56	其他维生素缺乏病
E58	饮食性钙缺乏
E59	饮食性硒缺乏
E60	饮食性锌缺乏
E61	其他营养元素缺乏
E63	其他营养缺乏
E64	营养不良和其他营养缺乏的后遗症
E65	局部多脂症
E66	肥胖症
E67	其他营养过度
E68	营养过度后遗症
E70	芳香氨基酸代谢紊乱
E71	支链氨基酸代谢和脂肪酸代谢紊乱
E72	其他氨基酸代谢紊乱
E73	乳糖不耐受
E74	其他碳水化合物代谢紊乱
E75	(神经)鞘脂类代谢紊乱和其他脂贮积疾患
E76	糖胺聚糖代谢紊乱
E77	糖蛋白代谢紊乱
E78	脂蛋白代谢紊乱和其他脂血症
E79	嘌呤和嘧啶代谢紊乱
E80	卟啉和胆红素代谢紊乱
E83	矿物质代谢紊乱
E84	囊性纤维化病
E85	淀粉样变
E86	血容量缺失
E87	液体-电解质及酸碱平衡的其他紊乱
E88	其他代谢紊乱
E89	操作后内分泌和代谢紊乱,不可归类在他处者
E90*	分类于他处的疾病引起的营养和代谢疾患
F00*	阿尔茨海默病性痴呆(G30._+)
F01	血管性痴呆
F02*	分类于他处的其他疾病引起的痴呆
F03	未特指的痴呆
F04	器质性遗忘综合征,非由酒精和其他精神活性物质所致
F05	谵妄,非由酒精和其他精神活性物质所致
F06	脑损害和功能障碍及躯体疾病引起的其他精神障碍
F07	脑部疾病、损害和功能障碍引起的人格和行为障碍
F09	未特指的器质性或症状性精神障碍
F10	使用酒精引起的精神和行为障碍
F11	使用阿片样物质引起的精神和行为障碍
F12	使用大麻类物质引起的精神和行为障碍
F13	使用镇静剂或催眠剂引起的精神和行为障碍
F14	使用可卡因引起的精神和行为障碍
F15	使用其他兴奋剂(包括咖啡因)引起的精神和行为障碍
F16	使用致幻剂引起的精神和行为障碍
F17	使用烟草引起的精神和行为障碍
F18	使用挥发性溶剂引起的精神和行为障碍
F19	使用多种药物和其他精神活性物质引起的精神和行为障碍
F20	精神分裂症
F21	分裂型障碍
F22	持久的妄想性障碍
F23	急性而短暂的精神病性障碍
F24	感应性妄想性障碍
F25	分裂情感性障碍
F28	其他非器质性精神病性障碍
F29	未特指的非器质性精神病
F30	躁狂发作
F31	双相情感障碍
F32	抑郁发作
F33	复发性抑郁障碍
F34	持久的心境[情感]障碍
F38	其他心境[情感]障碍
F39	未特指的心境[情感]障碍
F40	恐怖性焦虑障碍
F41	其他焦虑障碍
F42	强迫性障碍
F43	严重应激反应及适应障碍
F44	分离[转换]性障碍
F45	躯体形式障碍
F48	其他神经症性障碍
F50	进食障碍
F51	非器质性睡眠障碍
F52	性功能障碍,非由器质性障碍或疾病引起
F53	与产褥期有关的精神和行为障碍,不可归类在他处者
F54	与归类在他处的障碍或疾病有关的心理和行为因素
F55	非致依赖性物质滥用
F59	与生理紊乱和躯体因素有关的未特指的行为综合征
F60	特异性人格障碍
F61	混合型和其他人格障碍
F62	持久性人格改变,非由脑损害和疾病所致
F63	习惯和冲动障碍
F64	性身份障碍
F65	性偏好障碍
F66	与性发育和性取向有关的心理和行为障碍
F68	成人人格和行为的其他障碍
F69	成人人格和行为障碍
F70	轻度精神发育迟缓
F71	中度精神发育迟缓
F72	重度精神发育迟缓
F73	极重度精神发育迟缓
F78	其他精神发育迟缓
F79	未特指的精神发育迟缓
F80	特定性言语和语言发育障碍
F81	特定性学习技能发育障碍
F82	特定性运动功能发育障碍
F83	混合性特定性发育障碍
F84	弥漫性[综合性]发育障碍
F88	其他心理发育障碍
F89	未特指的心理发育障碍
F90	多动性障碍
F91	品行障碍
F92	品行和情绪混合性障碍
F93	特发于童年的情绪障碍
F94	特发于童年和青少年期的社会功能障碍
F95	抽动障碍
F98	通常在童年和青少年期发病的其他行为和情绪障碍
F99	未特指的精神障碍
G00	细菌性脑膜炎,不可归类在他处者
G01*	分类于他处的细菌性疾病引起的脑膜炎
G02*	分类于他处的其他传染病和寄生虫病引起的脑膜炎
G03	其他和未特指原因引起的脑膜炎
G04	脑炎、脊髓炎和脑脊髓炎
G05*	分类于他处的疾病引起的脑炎、脊髓炎和脑脊髓炎
G06	颅内和椎管内脓肿及肉芽肿
G07*	分类于他处的疾病引起的颅内、椎管内脓肿和肉芽肿
G08	颅内和椎管内的静脉炎和血栓性静脉炎
G09	中枢神经系统炎性疾病的后遗症
G10	亨廷顿病
G11	遗传性共济失调
G12	脊髓性肌萎缩和有关的综合征
G13*	分类于他处的疾病引起的主要影响中枢神经系统的全身性萎缩
G14	脊髓灰质炎后综合征
G20	帕金森病
G21	继发性帕金森综合征
G22*	分类于他处的疾病引起的帕金森综合征
G23	其他的基底核变性疾病
G24	张力失常
G25	其他锥体束外和运动疾患
G26*	分类于他处的疾病引起的锥体束外和运动疾患
G30	阿尔茨海默病
G31	神经系统的其他变性性疾病,不可归类在他处者
G32*	分类于他处的疾病引起的神经系统其他变性性疾患
G35	多发性硬化
G36	其他急性播散性脱髓鞘
G37	中枢神经系统的其他脱髓鞘疾病
G40	癫癎[癫痫]
G41	癫痫持续状态
G43	偏头痛
G44	其他头痛综合征
G45	短暂性大脑缺血性发作和相关的综合征
G46*	脑血管疾病引起的脑血管综合征(I60-I67+)
G47	睡眠障碍
G50	三叉神经疾患
G51	神经疾患
G52	其他脑神经疾患
G53*	分类于他处的疾病引起的脑神经疾患
G54	神经根和神经丛疾患
G55*	分类于他处的疾病引起的神经根和神经丛压迫
G56	上肢单神经病
G57	下肢单神经病
G58	其他单神经病
G59*	分类于他处的疾病引起的单神经病
G60	遗传性和特发性神经病
G61	炎性多神经病
G62	其他多神经病
G63*	分类于他处的疾病引起的多神经病
G64	周围神经系统的其他疾患
G70	重症肌无力和其他肌神经疾患
G71	肌肉的原发性疾患
G72	其他肌病
G73*	分类于他处的疾病引起的肌神经接点和肌肉的疾患
G80	大脑性瘫痪[脑瘫]
G81	偏瘫
G82	截瘫和四肢瘫
G83	其他麻痹[瘫痪]综合征
G90	自主神经系统的疾患
G91	脑积水
G92	中毒性脑病
G93	脑的其他疾患
G94*	分类于他处的疾病引起的脑的其他疾患
G95	脊髓的其他疾病
G96	中枢神经系统的其他疾患
G97	神经系统的操作后疾患,不可归类在他处者
G98	神经系统的其他疾患,不可归类在他处者
G99*	分类于他处的疾病引起的神经系统的其他疾患
H00	睑腺炎和睑板腺囊肿
H01	眼睑的其他炎症
H02	眼睑的其他疾患
H03*	分类于他处的疾病引起的眼睑疾患
H04	泪器系疾患
H05	眼眶疾患
H06*	分类于他处的疾病引起的泪器系和眼眶疾患
H10	结膜炎
H11	结膜的其他疾患
H13*	分类于他处的疾病引起的结膜疾患
H15	巩膜疾患
H16	角膜炎
H17	角膜瘢痕和混浊
H18	角膜的其他疾患
H19*	分类于他处的疾病引起的巩膜和角膜疾患
H20	虹膜睫状体炎
H21	虹膜和睫状体的其他疾患
H22*	分类于他处的疾病引起的虹膜和睫状体疾患
H25	老年性白内障
H26	其他白内障
H27	晶状体的其他疾患
H28*	分类于他处的疾病引起的白内障和晶状体的其他疾患
H30	脉络膜视网膜炎
H31	脉络膜的其他疾患
H32*	分类于他处的疾病引起的脉络膜视网膜疾患
H33	视网膜脱离和断裂
H34	视网膜血管阻塞
H35	其他视网膜疾患
H36*	分类于他处的疾病引起的视网膜疾患
H40	青光眼
H42*	分类于他处的疾病引起的青光眼
H43	玻璃体疾患
H44	眼球疾患
H45*	分类于他处的疾病引起的玻璃体和眼球疾患
H46	视神经炎
H47	视[第二]神经和视路的其他疾患
H48*	分类于他处的疾病引起的视[第二]神经和视路疾患
H49	麻痹性斜视
H50	其他斜视
H51	双眼运动的其他疾患
H52	屈光和调节疾患
H53	视觉障碍
H54	视力缺损,包括盲(双眼或单眼)
H55	眼震和其他不规则眼运动
H57	眼和附器的其他疾患
H58*	分类于他处的疾病引起的眼和附器的其他疾患
H59	眼和附器的操作后疾患,不可归类在他处者
H60	外耳炎
H61	外耳的其他疾患
H62*	分类于他处的疾病引起的外耳疾患
H65	中耳和乳突疾病
H66	化脓性和未特指的中耳炎
H67*	分类于他处的疾病引起的中耳炎
H68	咽鼓管炎和阻塞
H69	咽鼓管的其他疾患
H70	乳突炎和有关情况
H71	中耳胆脂瘤
H72	鼓膜穿孔
H73	鼓膜的其他疾患
H74	中耳和乳突的其他疾患
H75*	分类于他处的疾病引起的中耳和乳突的其他疾患
H80	耳硬化
H81	前庭功能疾患
H82*	分类于他处的疾病引起的眩晕综合征
H83	内耳的其他疾病
H90	传导性和感音神经性听觉丧失
H91	其他听觉丧失
H92	耳痛和耳渗出液
H93	耳的其他疾患,不可归类在他处者
H94*	分类于他处的疾病引起的耳的其他疾患
H95	耳和乳突的操作后疾患,不可归类在他处者
I00	风湿热,未提及心脏受累
I01	风湿热伴有心脏受累
I02	风湿性舞蹈症
I05	风湿性二尖瓣疾病
I06	风湿性主动脉瓣疾病
I07	风湿性三尖瓣疾病
I08	多个心瓣膜疾病
I09	其他风湿性心脏病
I10	特发性(原发性)高血压
I11	高血压心脏病
I12	高血压肾脏病
I13	高血压心脏和肾脏病
I15	继发性高血压
I20	心绞痛
I21	急性心肌梗死
I22	随后性心肌梗死
I23	急性心肌梗死后的某些近期并发症
I24	其他急性缺血性心脏病
I25	慢性缺血性心脏病
I26	肺栓塞
I27	其他肺源性心脏病
I28	肺血管的其他疾病
I30	急性心包炎
I31	心包的其他疾病
I32*	分类于他处的疾病引起的心包炎
I33	急性和亚急性心内膜炎
I34	非风湿性二尖瓣疾患
I35	非风湿性主动脉瓣疾患
I36	非风湿性三尖瓣疾患
I37	肺动脉瓣疾患
I38	瓣膜未特指的心内膜炎
I39*	分类于他处的疾病引起的心内膜炎和心瓣膜疾患
I40	急性心肌炎
I41*	分类于他处的疾病引起的心肌炎
I42	心肌病
I43*	分类于他处的疾病引起的心肌病
I44	房室传导阻滞和左束支传导阻滞
I45	其他传导疾患
I46	心脏停搏
I47	阵发性心动过速
I48	心房纤颤和扑动
I49	其他心律失常
I50	心力衰竭
I51	心脏病的并发症和不明确表述
I52*	分类于他处的疾病引起的其他心脏疾患
I60	蛛网膜下出血
I61	脑内出血
I62	其他非创伤性颅内出血
I63	脑梗死
I64	脑卒中,未特指为出血或梗死
I65	入脑前动脉的闭塞和狭窄,未造成脑梗死
I66	大脑动脉的闭塞和狭窄,未造成脑梗死
I67	其他脑血管病
I68*	分类于他处的疾病引起的脑血管疾患
I69	脑血管病后遗症
I70	动脉粥样硬化
I71	主动脉瘤和主动脉夹层
I72	其他动脉瘤
I73	其他周围血管疾病
I74	动脉栓塞和血栓形成
I77	动脉和小动脉的其他疾患
I78	毛细血管疾病
I79*	分类于他处的疾病引起的动脉、小动脉和毛细血管疾患
I80	静脉炎和血栓性静脉炎
I81	门静脉血栓形成
I82	其他静脉栓塞和血栓形成
I83	下肢静脉曲张
I84	痔
I85	食管静脉曲张
I86	其他部位的静脉曲张
I87	静脉的其他疾患
I88	非特异性淋巴结炎
I89	淋巴管和淋巴结的其他非感染性疾患
I95	低血压
I97	循环系统的操作后疾患,不可归类在他处者
I98*	分类于他处的疾病引起的循环系统的其他疾患
I99	循环系统其他和未特指的疾患
J00	急性鼻咽炎[感冒]
J01	急性鼻窦炎
J02	急性咽炎
J03	急性扁桃体炎
J04	急性喉炎和气管炎
J05	急性梗阻性喉炎[哮吼]和会厌炎
J06	多发性和未特指部位的急性上呼吸道感染
J09	被标明的禽流感病毒引起的流行性感冒
J10	被标明的其他流感病毒引起的流行性感冒
J11	流行性感冒,病毒未标明
J12	病毒性肺炎,不可归类在他处者
J13	链球菌性肺炎
J14	流感嗜血杆菌性肺炎
J15	细菌性肺炎,不可归类在他处者
J16	其他传染性病原体引起的肺炎,不可归类在他处者
J17*	分类于他处的疾病引起的肺炎
J18	肺炎,病原体未特指
J20	急性支气管炎
J21	急性细支气管炎
J22	未特指的急性下呼吸道感染
J30	血管舒缩性和变应性鼻炎
J31	慢性鼻炎、鼻咽炎和咽炎
J32	慢性鼻窦炎
J33	鼻息肉
J34	鼻和鼻窦的其他疾患
J35	扁桃体和腺样体慢性疾病
J36	扁桃体周脓肿
J37	慢性喉炎和喉气管炎
J38	声带和喉疾病,不可归类在他处者
J39	上呼吸道的其他疾病
J40	支气管炎,未特指为急性或慢性
J41	单纯性和粘液脓性慢性支气管炎
J42	未特指的慢性支气管炎
J43	肺气肿
J44	其他慢性阻塞性肺病
J45	哮喘
J46	哮喘持续状态
J47	支气管扩张(症)
J60	煤炭工肺尘埃沉着病
J61	石棉和其他矿物纤维引起的肺尘埃沉着病
J62	含硅[矽]粉尘引起的肺尘埃沉着病
J63	其他无机粉尘引起的肺尘埃沉着病
J64	未特指的肺尘埃沉着病
J65	肺尘埃沉着病伴结核
J66	特指的有机粉尘引起的气道疾病
J67	有机粉尘引起的过敏性肺炎
J68	吸入化学制剂、气体、烟雾和蒸气引起的呼吸性情况
J69	固体和液体引起的肺炎
J70	其他外部物质引起的呼吸性情况
J80	成人型呼吸窘迫综合征
J81	肺水肿
J82	肺嗜酸性粒细胞增多,不可归类在他处者
J84	其他间质性肺疾病
J85	肺和纵隔脓肿
J86	脓胸
J90	胸腔积液,不可归类在他处者
J91*	分类于他处的情况引起的胸腔积液
J92	胸膜斑
J93	气胸
J94	其他胸膜情况
J95	操作后的呼吸性疾患,不可归类在他处者
J96	呼吸衰竭,不可归类在他处者
J98	其他呼吸性疾患
J99*	分类于他处的疾病引起的呼吸性疾患
K00	牙发育和出牙疾患
K01	埋伏牙和阻生牙
K02	龋(牙)
K03	牙齿硬组织的其他疾病
K04	牙髓和根尖周组织疾病
K05	龈炎和牙周疾病
K06	牙龈和无牙牙槽嵴的其他疾患
K07	牙面畸形[包括错颌]
K08	牙齿及支持结构的其他疾患
K09	口区囊肿,不可归类在他处者
K10	颌的其他疾病
K11	涎腺疾病
K12	口炎和有关损害
K13	唇及口腔粘膜的其他疾病
K14	舌疾病
K20	食管炎
K21	胃-食管反流性疾病
K22	食管的其他疾病
K23*	分类于他处的疾病引起的食管疾患
K25	胃溃疡
K26	十二指肠溃疡
K27	部位未特指的消化性溃疡
K28	胃空肠溃疡
K29	胃炎和十二指肠炎
K30	消化不良
K31	胃和十二指肠的其他疾病
K35	急性阑尾炎
K36	其他阑尾炎
K37	未特指的阑尾炎
K38	阑尾的其他疾病
K40	腹股沟疝
K41	股疝
K42	脐疝
K43	腹疝
K44	膈疝
K45	其他腹疝
K46	未特指的腹疝
K50	克罗恩病[局限性肠炎]
K51	溃疡性结肠炎
K52	其他非感染性胃肠炎和结肠贺
K55	肠血管疾患
K56	麻痹性肠梗阻和不伴有疝的肠梗阻
K57	肠憩室病
K58	肠易激综合征
K59	其他功能性肠疾患
K60	肛门及直肠区的裂和瘘
K61	肛门和直肠区脓肿
K62	肛门和直肠的其他疾病
K63	肠的其他疾病
K65	腹膜炎
K66	腹膜的其他疾患
K67*	分类于他处的传染病引起的腹膜疾患
K70	酒精性肝病
K71	中毒性肝病
K72	肝衰竭,不可归类在他处者
K73	慢性肝炎,不可归类在他处者
K74	肝纤维化和肝硬变
K75	其他炎性肝脏疾病
K76	肝的其他疾病
K77*	分类于他处的疾病引起的肝疾患
K80	胆石症
K81	胆囊炎
K82	胆囊的其他疾病
K83	胆道的其他疾病
K85	急性胰腺炎
K86	胰腺的其他疾病
K87*	分类于他处的疾病引起的胆囊、胆道和胰腺疾患
K90	肠吸收不良
K91	消化系统的操作后疾患,不可归类在他处者
K92	消化系统的其他疾病
K93*	分类于他处的疾病引起的其他消化器官疾患
L00	葡萄球菌性烫伤样皮肤综合征
L01	脓疱病
L02	皮肤脓肿、疖和痈
L03	蜂窝织炎
L04	急性淋巴结炎
L05	藏毛囊肿
L08	皮肤和皮下组织其他局部感染
L10	天疱疮
L11	其他皮肤棘层松解性疾患
L12	类天疱疮
L13	其他大疱性疾患
L14*	分类于他处的疾病引起的大疱性疾患
L20	特应性皮炎
L21	脂溢性皮炎
L22	尿布皮炎
L23	变应性接触性皮炎
L24	刺激性接触性皮炎
L25	未特指的接触性皮炎
L26	剥脱性皮炎
L27	内服物质引起的皮炎
L28	慢性单纯性苔癣和痒疹
L29	瘙痒(症)
L30	其他皮炎
L40	银屑病[牛皮癣]
L41	副银屑病[类银屑病]
L42	玫瑰糠疹
L43	扁平苔癣
L44	其他丘疹鳞屑性疾患
L45*	分类于他处的疾病引起的丘疹鳞屑性疾患
L50	荨麻疹
L51	多形性红斑
L52	结节性红斑
L53	其他红斑性情况
L54*	分类于他处的疾病引起的红斑
L55	晒斑[晒伤]
L56	紫外线辐射引起的其他急性皮肤改变
L57	慢性暴露于非电离辐射下引起的皮肤改变
L58	放射性皮炎
L59	与辐射有关的皮肤和皮下组织其他疾患
L60	甲疾患
L62*	分类于他处的疾病引起的甲疾患
L63	斑秃
L64	雄激素性脱发
L65	其他非瘢痕性毛发缺失
L66	瘢痕性脱发[瘢痕性毛发缺失]
L67	毛色和毛干异常
L68	多毛症
L70	痤疮
L71	酒渣鼻
L72	皮肤和皮下组织毛囊囊肿
L73	其他毛囊疾患
L74	外分泌汗腺疾患
L75	顶(浆分)泌汗腺疾患
L80	白癜风
L81	色素沉着的其他疾患
L82	脂溢性角化病
L83	黑棘皮病
L84	鸡眼和胼胝
L85	其他表皮肥厚
L86*	分类于他处的疾病引起的皮肤角化病
L87	经表皮排除疾患
L88	坏疽性脓皮症
L89	受压区褥疮
L90	皮肤萎缩性疾患
L91	皮肤肥厚性疾患
L92	皮肤和皮下组织肉芽肿性疾患
L93	红斑狼疮
L94	其他局限性结缔组织疾患
L95	局限于皮肤的血管炎,不可归类在他处者
L97	下肢溃疡,不可归类在他处者
L98	皮肤和皮下组织的其他疾患,不可归类在他处者
L99*	分类于他处的疾病引起的皮肤和皮下组织的其他疾患
M00	化脓性关节炎
M01*	分类于他处的传染病和寄生虫病引起的关节的直接感染
M02	反应性关节病
M03*	分类于他处的疾病引起的感染后和反应性关节病
M05	血清反应阳性的类风湿性关节炎
M06	其他类风湿性关节炎
M07*	银屑病性和肠病性关节病
M08	幼年型关节炎
M09*	分类于他处的疾病引起的幼年型关节炎
M10	痛风
M11	其他结晶性关节病
M12	其他特指的关节病
M13	其他关节炎
M14*	分类于他处的其他疾病引起的关节病
M15	多关节病
M16	髋关节病
M17	膝关节病
M18	第一腕掌关节的关节病
M19	其他关节病
M20	手指和脚趾的后天性变形
M21	四肢其他后天性变形
M22	髌骨疾患
M23	膝关节内紊乱
M24	其他特指的关节紊乱
M25	其他关节疾患,不可归类在他处者
M30	结节性多动脉炎和有关情况
M31	其他坏死性血管病
M32	系统性红斑狼疮
M33	皮多肌炎
M34	全身性硬皮病
M35	结缔组织的其他系统性受累
M36*	分类于他处的疾病引起的系统性结缔组织疾患
M40	脊柱后凸和脊柱前凸
M41	脊柱侧弯[脊柱侧凸]
M42	脊柱骨软骨病
M43	其他变形性背部病
M45	强直性脊柱炎
M46	其他炎性脊椎病
M47	脊椎关节强硬
M48	其他脊椎病
M49*	分类于他处的疾病引起的脊椎病
M50	颈椎间盘疾患
M51	其他椎间盘疾患
M53	其他背部病,不可归类在他处者
M54	背痛
M60	肌炎
M61	肌肉钙化和骨化
M62	肌肉其他疾患
M63*	分类于他处的疾病引起的肌肉疾患
M65	滑膜炎和腱鞘炎
M66	滑膜和肌腱的自发性破裂
M67	滑膜和肌腱的其他疾患
M68*	分类于他处的疾病引起的滑膜和肌腱疾患
M70	与使用、过度使用和压迫有关的软组织疾患
M71	其他粘液囊病
M72	成纤维细胞疾患
M73*	分类于他处的疾病引起的软组织疾患
M75	肩损害
M76	下肢(不包括足)肌腱端病
M77	其他肌腱端病
M79	其他软组织疾患,不可归类在他处者
M80	骨质疏松伴有病理性骨折
M81	骨质疏松不伴有病理性骨折
M82*	分类于他处的疾病引起的骨质疏松
M83	成人骨软化症
M84	骨连续性疾患
M85	骨密度和结构的其他疾患
M86	骨髓炎
M87	骨坏死
M88	骨佩吉特病[畸形性骨炎]
M89	骨的其他疾患
M90*	分类于他处的疾病引起的骨病
M91	幼年型髋关节和骨盆骨软骨病
M92	其他幼年型骨软骨病
M93	其他骨软骨病
M94	软骨的其他疾患
M95	肌肉骨骼系统和结缔组织的其他后天性变形
M96	操作后肌肉骨骼疾患,不可归类在他处者
M99	生物力学损害,不可归类在他处者
N00	急性肾炎综合征
N01	急进型肾炎综合征
N02	复发性和持续性血尿
N03	慢性肾炎综合征
N04	肾病综合征
N05	未特指的肾炎综合征
N06	孤立性蛋白尿伴有特指的形态学损害
N07	遗传性肾病,不可归类在他处者
N08*	分类于他处的疾病引起的肾小球疾患
N10	急性肾小管-间质肾炎
N11	慢性肾小管-间质肾炎
N12	肾小管-间质肾炎,未特指急性或慢性
N13	梗阻性和反流性尿路病
N14	药物和重金属诱发的肾小管-间质和肾小管情况
N15	其他肾小管-间质疾病
N16*	分类于他处的疾病引起的肾小管-间质疾患
N17	急性肾衰竭
N18	慢性肾病
N19	未特指的肾衰竭
N20	肾和输尿管结石
N21	下泌尿道结石
N22*	分类于他处的疾病引起的泌尿道结石
N23	未特指的肾绞痛
N25	肾小管功能损害所致的疾患
N26	未特指的肾挛缩
N27	原因不明的小肾
N28	肾和输尿管的其他疾患,不可归类在他处者
N29*	分类于他处的疾病引起的肾和输尿管的其他疾患
N30	膀胱炎
N31	膀胱神经肌肉功能不良,不可归类在他处者
N32	膀胱的其他疾患
N33*	分类于他处的疾病引起的膀胱疾患
N34	尿道炎和尿道综合征
N35	尿道狭窄
N36	尿道的其他疾患
N37*	分类于他处的疾病引起的尿道疾患
N39	泌尿系统的其他疾患
N40	前列腺增生
N41	前列腺炎性疾病
N42	前列腺的其他疾患
N43	鞘膜积液和精子囊肿
N44	睾丸扭转
N45	睾丸炎和附睾炎
N46	男性不育症
N47	包皮过长、包茎和嵌顿包茎
N48	阴茎的其他疾患
N49	男性生殖器官炎性疾患,不可归类在他处者
N50	男性生殖器官的其他疾患
N51*	分类于他处的疾病引起的男性生殖器官疾患
N60	良性乳腺发育不良
N61	乳房炎性疾患
N62	乳房肥大
N63	未特指的乳房肿块
N64	乳房的其他疾患
N70	输卵管炎和卵巢炎
N71	子宫炎性疾病,除外宫颈
N72	宫颈炎性疾病
N73	其他女性盆腔炎性疾病
N74*	分类于他处的疾病引起的女性盆腔炎性疾患
N75	前庭大腺[巴多林腺]疾病
N76	阴道和外阴的其他炎症
N77*	分类于他处的疾病引起的外阴阴道溃疡和炎症
N80	子宫内膜异位症
N81	女性生殖器脱垂
N82	累及女性生殖道的瘘
N83	卵巢、输卵管和阔韧带的非炎性疾患
N84	女性生殖道息肉
N85	子宫其他非炎性疾患,除外宫颈
N86	宫颈糜烂和外翻
N87	宫颈发育不良
N88	宫颈其他非炎性疾患
N89	阴道的其他非炎性疾患
N90	外阴和会阴的其他非炎性疾患
N91	无月经、月经过少和月经稀少
N92	月经过多、月经频繁和月经不规则
N93	其他异常的子宫和阴道出血
N94	与女性生殖器官和月经周期有关的疼痛和其他情况
N95	绝经期和其他围绝经期的疾患
N96	习惯性流产
N97	女性不孕症
N98	与人工授精有关的并发症
N99	泌尿生殖系统的操作后疾患,不可归类在他处者
O00	异位妊娠
O01	葡萄胎[水泡状胎块]
O02	受孕的其他异常产物
O03	自然流产
O04	医疗性流产
O05	其他流产
O06	未特指的流产
O07	企图流产失败
O08	流产、异位妊娠和葡萄胎妊娠后的并发症
O10	原有的高血压并发于妊娠、分娩和产褥期
O11	原有高血压性疾患,并发蛋白尿
O12	妊娠[妊娠引起的]水肿和蛋白尿不伴有高血压
O13	妊娠[妊娠引起的]高血压,不伴有有意义的蛋白尿
O14	妊娠[妊娠引起的]高血压,伴有有意义的蛋白尿
O15	子痫
O16	未特指的孕产妇高血压
O20	妊娠早期出血
O21	妊娠期剧吐
O22	妊娠期静脉并发症
O23	妊娠期泌尿生殖道的感染
O24	妊娠期糖尿病
O25	妊娠期营养不良
O26	为主要与妊娠有关的其他情况给予的孕产妇医疗
O28	孕产妇产前筛查的异常所见
O29	妊娠期间麻醉的并发症
O30	多胎妊娠
O31	特发于多胎妊娠的并发症
O32	为已知或可疑胎儿先露异常给予的孕产妇医疗
O33	为已知或可疑胎盆不称给予的孕产妇医疗
O34	为已知或可疑盆腔器官异常给予的孕产妇医疗
O35	为已知或可疑胎儿异常和损害给予的孕产妇医疗
O36	为其他已知或可疑的胎儿问题给予的孕产妇医疗
O40	羊水过多
O41	羊水和胎膜的其他疾患
O42	胎膜早破
O43	胎盘疾患
O44	前置胎盘
O45	胎盘早期剥离
O46	产前出血,不可归类在他处者
O47	假临产
O48	过期妊娠
O60	早产
O61	引产失败
O62	产力异常
O63	滞产
O64	胎儿的胎位不正和先露异常引起的梗阻性分娩
O65	母体骨盆异常引起的梗阻性分娩
O66	其他梗阻性分娩
O67	产程和分娩并发产时出血,不可归他处者
O68	产程和分娩并发胎儿应激反应
O69	产程和分娩并发脐带并发症
O70	分娩时会阴裂伤
O71	其他产科创伤
O72	产后出血
O73	胎盘和胎膜滞留不伴有出血
O74	产程和分娩期间麻醉的并发症
O75	产程和分娩的其他并发症,不可归类在他处者
O80	单胎顺产
O81	借助产钳和真空吸引器的单胎分娩
O82	经剖宫产术的单胎分娩
O83	其他助产的单胎分娩
O84	多胎分娩
O85	产褥期脓毒病
O86	其他产褥感染
O87	产褥期的静脉并发症
O88	产科栓塞
O89	产褥期中麻醉的并发症
O90	产褥期的并发症,不可归类在他处者
O91	与分娩有关的乳房感染
O92	与分娩有关的乳房和哺乳的其他疾患
O94	妊娠、分娩和产褥期并发症的后遗症
O95	未特指原因的产科死亡
O96	任何产科原因的死亡,发生于分娩后42天以上至一年以内
O97	直接产科原因后遗症的死亡
O98	可归类在他处的孕产妇的传染病和寄生虫病并发于妊娠、分娩和产褥期
O99	可归类在他处的孕产妇的其他疾病并发于妊娠、分娩和产褥期
P00	胎儿和新生儿受母体情况影响,这些情况可能与本次妊娠无关
P01	胎儿和新生儿受母体妊娠并发症的影响
P02	胎儿和新生儿受胎盘、脐带和胎膜的并发症的影响
P03	胎儿和新生儿受产程和分娩的其他并发症的影响
P04	胎儿和新生儿受经胎盘或母乳传播的有害物质的影响
P05	胎儿生长缓慢和胎儿营养不良
P07	与孕期短和低出生体重有关的疾患,不可归类在他处者
P08	与孕期长和高出生体重有关的疾患
P10	产伤引起的颅内撕裂和出血
P11	中枢神经系统的其他产伤
P12	头皮产伤
P13	骨骼产伤
P14	周围神经系统产伤
P15	其他产伤
P20	子宫内低氧症
P21	出生窒息
P22	新生儿呼吸窘迫
P23	先天性肺炎
P24	新生儿吸入综合征
P25	起源于围生期的间质肺气肿及有关情况
P26	起源于围生期的肺出血
P27	起源于围生期的慢性呼吸性疾病
P28	起源于围生期的其他呼吸性情况
P29	起源于围生期的心血管疾患
P35	先天性病毒性疾病
P36	新生儿细菌性脓毒症
P37	其他先天性传染病和寄生虫病
P38	新生儿脐炎伴或不伴轻度出血
P39	特发于围生期的其他感染
P50	胎儿失血
P51	新生儿脐带出血
P52	胎儿和新生儿颅内非创伤性出血
P53	胎儿和新生儿出血性疾病
P54	新生儿其他出血
P55	胎儿和新生儿的溶血性疾病
P56	溶血性疾病引起的胎儿水肿
P57	核黄疸
P58	其他过度溶血引起的新生儿黄疸
P59	其他和未特指原因所致的新生儿黄疸
P60	胎儿和新生儿播散性血管内凝血
P61	其他围生期血液疾患
P70	特发于胎儿和新生儿的暂时性碳水化合物代谢紊乱
P71	暂时性新生儿钙和镁代谢紊乱
P72	新生儿其他暂时性内分泌疾患
P74	新生儿其他暂时性电解质和代谢紊乱
P75*	胎粪性肠梗阻(E84.1+)
P76	新生儿其他肠梗阻
P77	胎儿和新生儿的坏死性小肠结肠炎
P78	其他围生期的消化系统疾患
P80	新生儿低温症
P81	新生儿其他体温调节障碍
P83	特发于胎儿和新生儿体被的其他情况
P90	新生儿惊厥
P91	新生儿的其他大脑障碍
P92	新生儿喂养问题
P93	胎儿和新生儿用药引起的反应和中毒
P94	新生儿肌张力疾患
P95	未特指原因的胎儿死亡
P96	起源于围生期的其他情况
Q00	无脑儿和类似畸形
Q01	脑膨出
Q02	小头畸形
Q03	先天性脑积水
Q04	脑的其他先天性畸形
Q05	脊柱裂
Q06	脊髓的其他先天性畸形
Q07	神经系统其他先天性畸形
Q10	眼睑、泪器和眼眶先天性畸形
Q11	无眼、小眼和巨眼畸形
Q12	先天性晶状体畸形
Q13	眼前段先天性畸形
Q14	先天性眼后段畸形
Q15	眼的其他先天性畸形
Q16	引起听力缺陷的耳先天性畸形
Q17	耳的其他先天性畸形
Q18	面和颈部的其他先天性畸形
Q20	心腔和心连接的先天性畸形
Q21	心间隔先天性畸形
Q22	肺动脉瓣和三尖瓣先天性畸形
Q23	主动脉瓣和二尖瓣先天性畸形
Q24	心脏的其他先天性畸形
Q25	大动脉先天性畸形
Q26	大静脉先天性畸形
Q27	周围循环系统的其他先天性畸形
Q28	循环系统的其他先天性畸形
Q30	鼻先天性畸形
Q31	喉先天性畸形
Q32	气管和支气管先天性畸形
Q33	肺先天性畸形
Q34	呼吸系统的其他先天性畸形
Q35	腭裂
Q36	唇裂
Q37	腭裂伴唇裂
Q38	舌、口和咽的其他先天性畸形
Q39	食管先天性畸形
Q40	上消化道的其他先天性畸形
Q41	小肠先天性缺如、闭锁和狭窄
Q42	大肠先天性缺如、闭锁和狭窄
Q43	肠的其他先天性畸形
Q44	胆囊、胆管和肝先天性畸形
Q45	消化系统的其他先天性畸形
Q50	卵巢、输卵管和阔韧带先天性畸形
Q51	子宫和宫颈先天性畸形
Q52	女性生殖器的其他先天性畸形
Q53	睾丸未降
Q54	尿道下裂
Q55	男性生殖器官的其他先天性畸形
Q56	性别不清和假两性畸形
Q60	肾缺如和肾的其他萎缩性缺陷
Q61	囊性肾病
Q62	肾盂的先天性梗阻性缺陷和输尿管先天性畸形
Q63	肾的其他先天性畸形
Q64	泌尿系统的其他先天性畸形
Q65	髋先天性变形
Q66	足先天性变形
Q67	头、面、脊柱和胸的先天性肌肉骨骼变形
Q68	肌肉骨骼的其他先天性变形
Q69	多指[趾]畸形
Q70	并指[趾]畸形
Q71	上肢短小缺陷
Q72	下肢短小缺陷
Q73	未特指四肢的短小缺陷
Q74	四肢的其他先天性畸形
Q75	颅和面骨的其他先天性畸形
Q76	脊柱及胸廓先天性畸形
Q77	骨软骨发育不良伴管状骨和脊柱的发育缺陷
Q78	其他骨软骨发育不良
Q79	肌肉骨骼系统先天性畸形,不可归类在他处者
Q80	先天性鱼鳞病
Q81	大疱性表皮松解症
Q82	皮肤的其他先天性畸形
Q83	乳房先天性畸形
Q84	体被的其他先天性畸形
Q85	斑痣性错构瘤病,不可归类在他处者
Q86	已知的外源性原因引起的先天性畸形综合征,不可归类在他处者
Q87	影响多系统的其他特指先天性畸形综合征
Q89	其他先天性畸形,不可归类在他处者
Q90	唐氏综合征[先天愚型]
Q91	爱德华兹综合征和帕套综合征
Q92	常染色体其他三体性和部分三体型,不可归类在他处者
Q93	常染色体的单体性和缺失,不可归类在他处者
Q95	平衡重排和结构标记,不可归类在他处者
Q96	特纳综合征[性腺发育障碍症][45,X综合征]
Q97	其他的性染色体异常,女性表型,不可归类在他处者
Q98	其他的性染色体异常,男性表型,不可归类在他处者
Q99	其他染色体异常,不可归类在他处者
R00	心脏搏动异常
R01	心脏杂音和其他心音
R02	坏疽,不可归类在他处者
R03	血压读数异常,无诊断者
R04	呼吸道出血
R05	咳嗽
R06	呼吸异常
R07	咽痛和胸痛
R09	累及循环和呼吸系统的其他症状和体征
R10	腹部和盆腔痛
R11	恶心和呕吐
R12	胃灼热
R13	吞咽困难
R14	胃肠气胀及有关情况
R15	大便失禁
R16	肝大和脾大,不可归类在他处者
R17	未特指的黄疸
R18	腹水
R19	累及消化系统和腹部的其他症状和体征
R20	皮肤感觉障碍
R21	皮疹和其他非特异性斑疹
R22	皮肤和皮下组织的局部肿胀、肿物和肿块
R23	其他皮肤改变
R25	异常的不随意运动
R26	异常的步态和移动
R27	其他协调缺乏
R29	累及神经和肌肉骨骼系统的其他症状和体征
R30	与排尿有关的疼痛
R31	未特指的血尿
R32	未特指的尿失禁
R33	尿潴留
R34	无尿和少尿
R35	多尿
R36	尿道排出物
R39	累及泌尿系统的其他症状和体征
R40	嗜眠、木僵和昏迷
R41	累及认知功能和意识的其他症状和体征
R42	头晕和眩晕
R43	嗅觉和味觉障碍
R44	累及一般感觉和知觉的其他症状和体征
R45	累及情绪状态的症状和体征
R46	累及外貌与行为的症状和体征
R47	言语障碍,不可归类在他处者
R48	诵读困难和其他符号识别功能障碍,不可归类在他处者
R49	语音障碍
R50	其他和原因不明的发热
R51	头痛
R52	疼痛,不可归类在他处者
R53	不适和疲劳
R54	衰老
R55	晕厥和虚脱
R56	惊厥,不可归类在他处者
R57	休克,不可归类在他处者
R58	出血,不可归类在他处者
R59	淋巴结增大
R60	水肿,不可归类在他处者
R61	多汗症
R62	未达到预期正常生理发育水平
R63	有关食物和液体摄取的症状和体征
R64	恶病质
R65	全身炎症反应综合征
R68	其他的一般症状和体征
R69	原因不知和原因未特指的发病
R70	红细胞沉降率升高和血浆粘滞度异常
R71	红细胞异常
R72	白细胞异常,不可归类在他处者
R73	血糖水平升高
R74	血清酶水平异常
R75	人类免疫缺陷病毒[HlV]的实验室证据
R76	其他血清免疫学异常所见
R77	血浆蛋白的其他异常
R78	血中发现通常不出现的药物和其他物质
R79	血液化学的其他异常所见
R80	孤立性蛋白尿
R81	糖尿
R82	尿的其他异常所见
R83	脑脊液的异常所见
R84	呼吸器官和胸腔标本的异常所见
R85	消化器官和腹腔标本的异常所见
R86	男性生殖器官标本的异常所见
R87	女性生殖器官标本的异常所见
R89	其他器官、系统和组织标本的异常所见
R90	中枢神经系统诊断性影像检查的异常所见
R91	肺诊断性影像检查的异常所见
R92	乳房诊断性影像检查的异常所见
R93	其他身体结构诊断性影像检查的异常所见
R94	功能检查的异常结果
R95	婴儿猝死综合征
R96	其他猝死,原因不知
R98	无人在场的死亡
R99	其他原因不明确和未特指原因的死亡
S00	头部浅表损伤
S01	头部开放性伤口
S02	颅骨和面骨骨折
S03	头部关节和韧带脱位、扭伤和劳损
S04	脑神经损伤
S05	眼和眶损伤
S06	颅内损伤
S07	头部挤压伤
S08	头的部分创伤性切断
S09	头部其他和未特指的损伤
S10	颈部浅表损伤
S11	颈部开放性伤口
S12	颈部骨折
S13	在颈水平的关节和韧带脱位、扭伤和劳损
S14	在颈水平的神经和脊髓损伤
S15	在颈水平的血管损伤
S16	在颈水平的肌肉和肌腱损伤
S17	颈部挤压伤
S18	在颈水平的创伤性切断
S19	颈部其他和未特指的损伤
S20	胸部浅表损伤
S21	胸部开放性伤口
S22	肋骨、胸骨和胸部脊柱骨折
S23	胸部关节和韧带脱位、扭伤和劳损
S24	在胸水平的神经和脊髓损伤
S25	胸部血管损伤
S26	心脏损伤
S27	其他和未特指胸内器官损伤
S28	胸部挤压伤和胸的部分创伤性切断
S29	胸部其他和未特指的损伤
S30	腹部、下背和骨盆浅表损伤
S31	腹部、下背和骨盆开放性伤口
S32	腰椎和骨盆骨折
S33	腰椎和骨盆关节和韧带脱位、扭伤和劳损
S34	在腹、下背和骨盆水平的神经和腰部脊髓损伤
S35	在腹、下背和骨盆水平的血管损伤
S36	腹内器官损伤
S37	泌尿系和盆腔器官损伤
S38	腹部、下背和骨盆部分挤压伤和创伤性切断
S39	腹部、下背和骨盆其他和未特指的损伤
S40	肩和上臂浅表损伤
S41	肩和上臂开放性伤口
S42	肩和上臂骨折
S43	肩胛带关节和韧带脱位、扭伤和劳损
S44	在肩和上臂水平的神经损伤
S45	在肩和上臂水平的血管损伤
S46	在肩和上臂水平的肌肉和肌腱损伤
S47	肩和上臂挤压伤
S48	肩和上臂创伤性切断
S49	肩和上臂其他和未特指的损伤
S50	前臂浅表损伤
S51	前臂开放性伤口
S52	前臂骨折
S53	肘关节和韧带脱位、扭伤和劳损
S54	在前臂水平的神经损伤
S55	在前臂水平的血管损伤
S56	在前臂水平的肌肉和肌腱损伤
S57	前臂挤压伤
S58	前臂创伤性切断
S59	前臂其他和未特指的损伤
S60	腕和手浅表损伤
S61	腕和手开放性伤口
S62	在腕和手水平的骨折
S63	在腕和手水平的关节和韧带脱位、扭伤和劳损
S64	在腕和手水平的神经损伤
S65	在腕和手水平的血管损伤
S66	在腕和手水平的肌肉和肌腱损伤
S67	腕和手挤压伤
S68	腕和手创伤性切断
S69	腕和手其他和未特指的损伤
S70	髋和大腿浅表损伤
S71	髋和大腿开放性伤口
S72	股骨骨折
S73	髋关节和韧带脱位、扭伤和劳损
S74	在髋和大腿水平的神经损伤
S75	在髋和大腿水平的血管损伤
S76	在髋和大腿水平的肌肉和肌腱损伤
S77	髋和大腿挤压伤
S78	髋和大腿创伤性切断
S79	髋和大腿其他和未特指的损伤
S80	小腿浅表损伤
S81	小腿开放性伤口
S82	小腿(包括踝)骨折
S83	膝关节和韧带脱位、扭伤和劳损
S84	在小腿水平的神经损伤
S85	在小腿水平的血管损伤
S86	在小腿水平的肌肉和肌腱损伤
S87	小腿挤压伤
S88	小腿创伤性切断
S89	小腿其他和未特指的损伤
S90	踝和足浅表损伤
S91	踝和足开放性伤口
S92	足骨折,除外踝
S93	在踝和足水平的关节和韧带脱位、扭伤和劳损
S94	在踝和足水平的神经损伤
S95	在踝和足水平的血管损伤
S96	在踝和足水平的肌肉和肌腱损伤
S97	踝和足挤压伤
S98	踝和足创伤性切断
S99	踝和足其他和未特指的损伤
T00	累及身体多个部位的浅表损伤
T01	累及身体多个部位的开放性伤口
T02	累及身体多个部位的骨折
T03	累及身体多个部位的脱位、扭伤和劳损
T04	累及身体多个部位的挤压伤
T05	累及身体多个部位的创伤性切断
T06	累及身体多个部位的其他损伤,不可归类在他处者
T07	未特指的多处损伤
T08	脊柱骨折,水平未特指
T09	脊柱和躯干的其他损伤,水平未特指
T10	上肢骨折,水平未特指
T11	上肢的其他损伤,水平未特指
T12	下肢骨折,水平未特指
T13	下肢的其他损伤,水平未特指
T14	身体未特指部位的损伤
T15	外眼异物
T16	耳内异物
T17	呼吸道内异物
T18	消化道内异物
T19	泌尿生殖道内异物
T20	头和颈烧伤和腐蚀伤
T21	躯干烧伤和腐蚀伤
T22	肩和上肢烧伤和腐蚀伤,除外腕和手
T23	腕和手烧伤和腐蚀伤
T24	髋和下肢烧伤和腐蚀伤,除外踝和足
T25	踝和足烧伤和腐蚀伤
T26	限于眼和附器的烧伤和腐蚀伤
T27	呼吸道烧伤和腐蚀伤
T28	其他内部器官的烧伤和腐蚀伤
T29	身体多个部位的烧伤和腐蚀伤
T30	烧伤和腐蚀伤,身体部位未特指
T31	根据体表累及范围分类的烧伤
T32	根据体表累及范围分类的腐蚀伤
T33	浅表冻伤
T34	冻伤伴有组织坏死
T35	累及身体多个部位的冻伤和未特指的冻伤
T36	全身性抗生素中毒
T37	其他全身性抗感染药和抗寄生虫药中毒
T38	激素类及其合成代用品和拮抗剂中毒,不可归类在他处者
T39	非阿片样镇痛药、解热药和抗风湿药中毒
T40	麻醉品和致幻药[致幻剂]中毒
T41	麻醉药和治疗性气体中毒
T42	镇癫痫药、镇静催眠药和抗帕金森病药中毒
T43	对精神有影响的药物中毒,不可归类在他处者
T44	主要影响自主神经系统的药物中毒
T45	主要为全身性和血液学的制剂中毒,不可归类在他处者
T46	主要影响心血管系统的制剂中毒
T47	主要影响胃肠系统的制剂中毒
T48	主要作用于平滑肌和骨骼肌及呼吸系统的制剂中毒
T49	主要影响皮肤和粘膜的局部制剂及眼科、耳鼻喉科和牙科的药物中毒
T50	利尿剂和其他及未特指的药物、药剂和生物制品中毒
T51	酒精的毒性效应
T52	有机溶剂的毒性效应
T53	脂环烃和芳香族烃的卤素衍生物的毒性效应
T54	腐蚀性物质的毒性效应
T55	皂类和洗涤剂的毒性效应
T56	金属的毒性效应
T57	其他无机物质的毒性效应
T58	一氧化碳的毒性效应
T59	其他气体、烟雾和蒸气的毒性效应
T60	杀虫剂的毒性效应
T61	摄入海产品-中有害物质的毒性效应
T62	摄入食物中其他有害物质的毒性效应
T63	与有毒动物接触的毒性效应
T64	黄曲霉毒素和其他真菌毒素污染食物的毒性效应
T65	其他和未特指物质的毒性效应
T66	辐射的未特指效应
T67	热和光的效应
T68	低体温
T69	降温的其他效应
T70	气压和水压的效应
T71	窒息
T73	其他缺乏的效应
T74	虐待综合征
T75	其他外因的效应
T78	有害效应,不可归类在他处者
T79	创伤的某些早期并发症,不可归类在他处者
T80	输注、输血和治疗性注射后的并发症
T81	操作并发症,不可归类在他处者
T82	心脏和血管假体装置、植入物和移植物的并发症
T83	泌尿生殖系假体装置、植入物和移植物的并发症
T84	内部矫形外科假体装置、植入物和移植物的并发症
T85	其他内部假体装置、植入物和移植物的并发症
T86	移植器官和组织的失败和排斥
T87	再植和截断术所特有的并发症
T88	手术和医疗的其他并发症,不可归类在他处者
T90	头部损伤后遗症
T91	颈部和躯干损伤后遗症
T92	上肢损伤后遗症
T93	下肢损伤后遗症
T94	涉及多个和未特指身体部位损伤的后遗症
T95	烧伤、腐蚀伤和冻伤后遗症
T96	药物、药剂和生物制品中毒后遗症
T97	主要为非药用物质毒性效应的后遗症
T98	外因的其他和未特指效应的后遗症